{
    "accuracy": 0.9076633860444543,
    "precision": 0.9319719671338811,
    "recall": 0.9659361302442079,
    "f1": 0.9486501445175574,
    "auc_roc": 0.9351680194315191
}