threshold,total_calls,true_positives,false_positives,cost,revenue,profit,roi,conversion_rate
0.3,8756,7916,840,70048,949920,879872,1256.0986751941525,90.40657834627683
0.4,8536,7834,702,68288,940080,871792,1276.6401124648548,91.77600749765699
0.5,8276,7713,563,66208,925560,859352,1297.9579507008216,93.19719671338811
0.6,8018,7586,432,64144,910320,846176,1319.1818408580693,94.6121227238713
0.7,7699,7400,299,61592,888000,826408,1341.7456812573062,96.11637875048707
